C01	Wordtune	https://www.wordtune.com/
C01	QuillBot	https://quillbot.com/
C01	Jenni	https://jenni.ai/
C01	HyperWrite	https://www.hyperwriteai.com/
C01	Sudowrite	https://www.sudowrite.com/
C01	Rytr	https://rytr.me/
C01	HIX.AI	https://hix.ai/
C01	Smodin	https://smodin.io/
C01	ProWritingAid	https://prowritingaid.com/
C01	LanguageTool	https://languagetool.org/
C01	Paperpal	https://paperpal.com/
C01	TextCortex	https://textcortex.com/
C01	Compose AI	https://www.compose.ai/
C01	Type	https://type.ai/
C01	Grammarly	https://www.grammarly.com/
C02	Copy.ai	https://www.copy.ai/
C02	Jasper	https://www.jasper.ai/
C02	Writesonic	https://writesonic.com/
C02	Anyword	https://anyword.com/
C02	Frase	https://www.frase.io/
C02	Surfer	https://surferseo.com/
C02	Scalenut	https://www.scalenut.com/
C02	Outranking	https://www.outranking.io/
C02	NeuronWriter	https://neuronwriter.com/
C02	SEOWriting	https://seowriting.ai/
C02	Predis	https://predis.ai/
C02	Ocoya	https://www.ocoya.com/
C02	AdCreative.ai	https://www.adcreative.ai/
C02	Pencil	https://www.trypencil.com/
C02	Simplified	https://simplified.com/
C03	Lavender	https://www.lavender.ai/
C03	Regie.ai	https://www.regie.ai/
C03	Instantly	https://instantly.ai/
C03	Smartlead	https://www.smartlead.ai/
C03	Lemlist	https://www.lemlist.com/
C03	Clay	https://www.clay.com/
C03	Apollo	https://www.apollo.io/
C03	Reply	https://reply.io/
C03	Warmer	https://warmer.ai/
C03	Lyne	https://lyne.ai/
C03	Twain	https://www.usetwain.com/
C03	Saleshandy	https://www.saleshandy.com/
C03	Salesforge	https://www.salesforge.ai/
C03	Autobound	https://www.autobound.ai/
C03	Persana	https://persana.ai/
C04	Tidio	https://www.tidio.com/
C04	Chatbase	https://www.chatbase.co/
C04	SiteGPT	https://sitegpt.ai/
C04	CustomGPT	https://customgpt.ai/
C04	DocsBot	https://docsbot.ai/
C04	Chatling	https://chatling.ai/
C04	Botsonic	https://botsonic.com/
C04	Dante	https://www.dante-ai.com/
C04	Wonderchat	https://wonderchat.io/
C04	My AskAI	https://myaskai.com/
C04	Chatsimple	https://www.chatsimple.ai/
C04	Fin	https://fin.ai/
C04	Ada	https://www.ada.cx/
C04	Forethought	https://forethought.ai/
C04	Botpress	https://botpress.com/
C05	Fathom	https://fathom.video/
C05	Fireflies	https://fireflies.ai/
C05	tl;dv	https://tldv.io/
C05	MeetGeek	https://meetgeek.ai/
C05	Grain	https://grain.com/
C05	Krisp	https://krisp.ai/
C05	Notta	https://www.notta.ai/
C05	Otter	https://otter.ai/
C05	Supernormal	https://supernormal.com/
C05	Jamie	https://www.meetjamie.ai/
C05	Sembly	https://www.sembly.ai/
C05	Avoma	https://www.avoma.com/
C05	Voicenotes	https://voicenotes.com/
C05	AudioPen	https://audiopen.ai/
C05	Sonix	https://sonix.ai/
C06	PDF.ai	https://pdf.ai/
C06	ChatPDF	https://www.chatpdf.com/
C06	Humata	https://www.humata.ai/
C06	AskYourPDF	https://askyourpdf.com/
C06	Sharly	https://www.sharly.ai/
C06	Anara	https://www.anara.com/
C06	Elicit	https://elicit.com/
C06	Consensus	https://consensus.app/
C06	SciSpace	https://scispace.com/
C06	Explainpaper	https://www.explainpaper.com/
C06	Scholarcy	https://www.scholarcy.com/
C06	Afforai	https://afforai.com/
C06	Docsumo	https://www.docsumo.com/
C06	Nanonets	https://nanonets.com/
C06	Parsio	https://parsio.io/
C07	Pebblely	https://pebblely.com/
C07	Flair	https://flair.ai/
C07	Mokker	https://mokker.ai/
C07	Claid	https://claid.ai/
C07	Photoroom	https://www.photoroom.com/
C07	Pixelcut	https://www.pixelcut.ai/
C07	PicWish	https://picwish.com/
C07	Magic Studio	https://magicstudio.com/
C07	Recraft	https://www.recraft.ai/
C07	Ideogram	https://ideogram.ai/
C07	Leonardo	https://leonardo.ai/
C07	Kittl	https://www.kittl.com/
C07	Designs.ai	https://designs.ai/
C07	Stockimg	https://stockimg.ai/
C07	Looka	https://looka.com/
C08	Pictory	https://pictory.ai/
C08	InVideo	https://invideo.io/
C08	Fliki	https://fliki.ai/
C08	Steve AI	https://www.steve.ai/
C08	Lumen5	https://lumen5.com/
C08	OpusClip	https://www.opus.pro/
C08	Vizard	https://vizard.ai/
C08	Klap	https://klap.app/
C08	Munch	https://www.getmunch.com/
C08	Wisecut	https://www.wisecut.ai/
C08	Submagic	https://www.submagic.co/
C08	Captions	https://www.captions.ai/
C08	HeyGen	https://www.heygen.com/
C08	Synthesia	https://www.synthesia.io/
C08	Colossyan	https://www.colossyan.com/
C09	Tabnine	https://www.tabnine.com/
C09	Codeium	https://codeium.com/
C09	CodiumAI	https://www.codium.ai/
C09	CodeRabbit	https://www.coderabbit.ai/
C09	Bito	https://bito.ai/
C09	Mutable	https://mutable.ai/
C09	Sourcegraph	https://sourcegraph.com/
C09	CodeWP	https://codewp.ai/
C09	Qodo	https://www.qodo.ai/
C09	Cursor	https://cursor.com/
C09	Replit	https://replit.com/
C09	Lovable	https://lovable.dev/
C09	Bolt	https://bolt.new/
C09	Sourcery	https://sourcery.ai/
C09	Blackbox	https://www.blackbox.ai/
C10	Reclaim	https://reclaim.ai/
C10	Motion	https://www.usemotion.com/
C10	Clockwise	https://www.getclockwise.com/
C10	Trevor	https://www.trevorai.com/
C10	Taskade	https://www.taskade.com/
C10	TaskMagic	https://www.taskmagic.com/
C10	Bardeen	https://www.bardeen.ai/
C10	Gamma	https://gamma.app/
C10	Decktopus	https://www.decktopus.com/
C10	Beautiful.ai	https://www.beautiful.ai/
C10	Kickresume	https://www.kickresume.com/
C10	Teal	https://www.tealhq.com/
C10	Rezi	https://www.rezi.ai/
C10	WonsultingAI	https://www.wonsulting.ai/
C10	Formula Bot	https://formulabot.com/
