004	pricing	https://languagetool.org/premium
004	workflow	https://languagetool.org/proofreading-api
005	pricing	https://www.frase.io/pricing
005	integrations	https://www.frase.io/integrations
006	pricing	https://www.clay.com/pricing
006	integrations	https://www.clay.com/integrations
007	pricing	https://botsonic.com/pricing
007	integrations	https://botsonic.com/integrations/zendesk
008	pricing	https://fireflies.ai/pricing
008	integrations	https://fireflies.ai/integrations
009	pricing	https://www.chatpdf.com/pricing
009	workflow	https://www.chatpdf.com/docs/api/backend
010	pricing	https://mokker.ai/pricing
010	workflow	https://mokker.ai/features
011	pricing	https://pictory.ai/pricing
011	workflow	https://pictory.ai/text-to-video
012	pricing	https://replit.com/pricing
012	integrations	https://replit.com/integrations
013	pricing	https://www.wonsulting.com/pricing
013	workflow	https://www.wonsulting.com/resumai
014	pricing	https://jenni.ai/pricing
014	workflow	https://jenni.ai/features
015	pricing	https://www.anyword.com/pricing
015	integrations	https://www.anyword.com/integrations
016	pricing	https://instantly.ai/pricing
016	integrations	https://instantly.ai/integrations
017	pricing	https://chatling.ai/pricing
017	integrations	https://chatling.ai/integrations
018	pricing	https://www.notta.ai/en/pricing
018	workflow	https://www.notta.ai/en/features/ai-transcription
019	pricing	https://www.docsumo.com/pricing
019	workflow	https://www.docsumo.com/intelligent-document-processing
020	pricing	https://medicalillustration.app/pricing
020	workflow	https://medicalillustration.app/tools
021	pricing	https://www.heygen.com/pricing
021	workflow	https://www.heygen.com/avatars
022	pricing	https://cursor.com/pricing
022	security	https://cursor.com/en-US/security
023	pricing	https://www.sembly.ai/pricing/
023	workflow	https://www.sembly.ai/how-it-works/
024	pricing	https://www.compose.ai/pricing
024	workflow	https://www.compose.ai/features
025	pricing	https://trypencil.com/pricing
025	integrations	https://trypencil.com/integrations
026	pricing	https://persana.ai/pricing
026	integrations	https://persana.ai/integrations
027	pricing	https://botpress.com/pricing
027	workflow	https://botpress.com/features/knowledge-bases
028	pricing	https://meetgeek.ai/pricing
028	workflow	https://meetgeek.ai/features/auto-recording-and-transcription
029	pricing	https://logically.app/pricing
029	workflow	https://logically.app/features
030	pricing	https://flair.ai/pricing
030	workflow	https://flair.ai/key-features/flair-api
031	pricing	https://klap.app/pricing
031	workflow	https://klap.app/api
032	pricing	https://www.qodo.ai/pricing/
032	workflow	https://www.qodo.ai/features/qodo-git/
033	pricing	https://reclaim.ai/pricing
033	workflow	https://reclaim.ai/features/tasks
034	pricing	https://paperpal.com/pricing
034	security	https://paperpal.com/data-security
035	pricing	https://www.copy.ai/prices
035	workflow	https://www.copy.ai/platform/how-it-works
